ID,Work Item Type,Title,Test Step,Step Action,Step Expected,Area Path,Assigned To,State
1503,Test Case,5.1.1 Test : Installation of Standalone Controller & Tools software,,,,,,
,,,1,"Installation of Standalone Controller & Tools software on an non-server grade, non Ovation & non domain machine. Record the date, initials for each installation done. Record any issues as findings.",,,,
,,,2,,,,,
,,,3,,,,,
,,,4,,,,,
,,,5,,,,,
,,,6,,,,,
,,,7,,,,,
1504,Test Case,5.1.2 Test : Uninstallation of Standalone Controller & Tools software,,,,,,
,,,1,"Ensure that Uninstallation of Standalone Controller & Tools software can be done without any issues. Record the date, initials for each installation done. Record any issues as findings.",,,,
,,,2,,,,,
1505,Test Case,5.1.3 Test : Installation of Standalone Controller & Tools software update,,,,,,
,,,1,"Ensure that new updates of the SW can be installed correctly. Record the date, initials for each installation done. Record any issues as findings.",,,,
,,,2,"The Standalone Controller & Tools present some new aspects related to licensing as compared to a traditional Ovation system.  In a traditional system, the licensing information is generated and entered on the Database Server.  In a Standalone configuration, however, there is no Database Server.  Because of this, licensing will be done differently.",,,,
,,,3,"	A license will be needed for the instance of the tools running on the user’s laptop/PC.",,,,
,,,4,"	A license will be needed for the Standalone Controller",,,,
,,,5,"	Licensing for the APC toolkit will be associated with the controller",,,,
,,,6,"	Licensing for SCADA/CPS protocols will be associated with the controller",,,,
,,,7,"	Locking codes for the controller license will be generated based upon the controller MAC address",,,,
,,,8,"	The OCC100 point tiers for the OCC100 (OMC100 future) version will be implemented the same as in a Traditional Ovation System.",,,,
1506,Test Case,5.2.1 Test : Verify PC based and Controller MAC ID based licensing required for Standalone Controller & Tools,,,,,,
,,,1,,,,,
,,,2,,,,,
,,,3,,,,,
,,,4,,,,,
1507,Test Case,5.2.3 Test : Verify licensing requirements for using APC toolkit software with Standalone Controller & Tools software,,,,,,
,,,1,,,,,
,,,2,,,,,
1508,Test Case,5.2.4 Test : Verify licensing requirements for using CPS protocols with Standalone Controller & Tools software,,,,,,
,,,1,,,,,
,,,2,,,,,
1509,Test Case,5.2.5 Test : Verify OCC100 point tiers based licensing requirements for using OCC100 Controller with Standalone Controller & Tools software,,,,,,
,,,1,,,,,
,,,2,,,,,
,,,3,The main limitation of the Standalone Controller & Tools is that it is intended for a single controller.  The controller will not be able to receive Ovation points from other Ovation drops.  Runtime data could be shared between 2 or more Standalone Controllers by establishing a datalink connection (i.e. Modbus) between the Standalone Controller.,,,,
,,,4,The Tools used for programming a Standalone Controller are NOT compatible with programming controllers that are already a part of an Ovation System.,,,,
1510,Test Case,5.3.1 Test : Verification of DataLink connection between the Standalone Controller using Third-Party I/O drivers,,,,,,
,,,1,Determine if Runtime data could be shared between 2 or more Standalone Controllers by establishing a datalink connection (i.e. Modbus) between the Standalone Controller,,,,
,,,2,,,,,
,,,3,,,,,
,,,4,,,,,
1511,Test Case,5.3.2 Test : Verification of DataLink connection between the Standalone Controller using the Embedded Ethernet Links provided by the CPS,,,,,,
,,,1,Determine if Runtime data could be shared between 2 or more Standalone Controllers by establishing a datalink connection (i.e. Modbus) between the Standalone Controller,,,,
,,,2,,,,,
,,,3,,,,,
,,,4,,,,,
1512,Test Case,5.3.3 Test : Verification that,,,,,,
,,,1,,,,,
,,,2,,,,,
1513,Test Case,5.3.4 Test : Verify that the tools used for programming a Standalone Controller are NOT compatible with programming controllers that are already a part of an Ovation System.,,,,,,
,,,1,,,,,
,,,2,,,,,
,,,3,The Standalone Controller & Tools will utilize the same type of Human-Machine Interfaces used in a traditional Ovation system.  This includes:,,,,
,,,4,"	Ovation Operator Graphics",,,,
,,,5,"	Ovation Developer’s Studio",,,,
,,,6,"	Ovation Alarm System",,,,
,,,7,"	Ovation Control Builder",,,,
,,,8,"	Ovation Graphics Builder",,,,
,,,9,"	Ovation Signal Diagram Viewer",,,,
,,,10,"	Ovation Trend",,,,
,,,11,"	Point Information",,,,
,,,12,"	Point Review",,,,
,,,13,"	Ovation Machine Works",,,,
,,,14,"	Sensor Calibrate",,,,
,,,15,"	Controller Diagnostics",,,,
1514,Test Case,5.4.1.2.1 Test : Verify that,,,,,,
,,,1,,,,,
,,,2,,,,,
1515,Test Case,5.4.1.6.1 Test :,,,,,,
,,,1,,,,,
,,,2,,,,,
1516,Test Case,5.4.1.7.6 Test :,,,,,,
,,,1,,,,,
,,,2,,,,,
1517,Test Case,5.4.1.8.1 Test :,,,,,,
,,,1,,,,,
,,,2,,,,,
1518,Test Case,5.4.1.9.1 Test :,,,,,,
,,,1,,,,,
,,,2,,,,,
1519,Test Case,5.4.1.10.1 Test :,,,,,,
,,,1,,,,,
,,,2,,,,,
1520,Test Case,5.4.1.11.1 Test :,,,,,,
,,,1,,,,,
,,,2,,,,,
1521,Test Case,5.4.1.12.1 Test :,,,,,,
,,,1,,,,,
,,,2,,,,,
1522,Test Case,5.4.1.13.1 Test : Ovation Session Manager,,,,,,
,,,1,,,,,
,,,2,,,,,
1523,Test Case,5.4.1.14.1 Test : Error log,,,,,,
,,,1,,,,,
,,,2,,,,,
,,,3,"The Standalone Controller & Tools will contain software interfaces needed to communicate with other devices/systems.  These will be the protocols that are supported for Third-Party communications, either natively via the Third-Party I/O drivers, or via the Embedded Ethernet Links provided by the CPS (Communication Protocols Suite).",,,,
,,,4,"This does NOT include communications with SIS (Safety Instrumented Systems), Foundation Fieldbus, DeviceNet, or Ovation Multi-Network.",,,,
,,,5,Time-synchronization will be provided by the user by specifying a NTP server.  The controller requires a NTP server in order to timestamp the alarm and error messages,,,,
1524,Test Case,5.4.2.1 Test : Determine if Time-synchronization works properly by specifying an NTP server.,,,,,,
,,,1,,,,,
,,,2,,,,,
,,,3,,,,,
,,,4,The Standalone Controller & Tools will contain the same hardware interfaces used in an Ovation Controller on a traditional Ovation system.  This includes all types of I/O modules except Foundation Fieldbus and DeviceNet.,,,,
1525,Test Case,5.4.3.1 Test : Verify that Standalone Controller & Tools supports,,,,,,
,,,1,,,,,
1526,Test Case,5.4.3.2 Test :  (),,,,,,
,,,1,,,,,
,,,2,,,,,
1527,Test Case,5.4.3.3 Test :,,,,,,
,,,1,,,,,
,,,2,,,,,
,,,3,"	A standalone controller application should have equivalent performance as compared to a non-standalone controller",,,,
,,,4,"o	Controller control task execution time",,,,
,,,5,"o	Controller CPU loading",,,,
,,,6,"o	Time for clear/load (Note, there will be slightly longer time expected for a load due to the extra HMI fields that are required to be on the controller).",,,,
,,,7,"	Engineering tools should be able to save/restore a configuration within 5 minutes or less.",,,,
1528,Test Case,5.5.1 Test : Determine if Standalone Controller has same Controller control task execution time as of a non-standalone controller,,,,,,
,,,1,,,,,
,,,2,,,,,
1529,Test Case,5.5.2 Test : Determine if Standalone Controller has same Controller CPU loading as of a non-standalone controller,,,,,,
,,,1,,,,,
,,,2,,,,,
1530,Test Case,5.5.3 Test : Determine if Standalone Controller has same Time for clear/load as of a non-standalone controller. (Note:- there will be slightly longer time expected for a load due to the extra HMI fields that are required to be on the controller),,,,,,
,,,1,,,,,
1531,Test Case,5.5.4 Test : Determine if Engineering tools should be able to save a configuration within 5 minutes or less,,,,,,
,,,1,,,,,
,,,2,,,,,
1532,Test Case,5.5.5 Test : Determine if Engineering tools should be able to restore a configuration within 5 minutes or less,,,,,,
,,,1,,,,,
,,,2,,,,,
,,,3,The Controller portion of the Standalone Controller & Tools will apply to the following types of Controller Hardware:,,,,
,,,4,"	OCC100",,,,
,,,5,"	OCR3000",,,,
,,,6,"	OMC100 (not yet released)",,,,
,,,7,"	Next Generation Virtual Controller (not yet released)",,,,
,,,8,"Operating System will be the same as non-Standalone Controllers, VxWorks 7.",,,,
,,,9,"The Tools portion of the Standalone Controller & Tools is targeted for Windows 10 operating system.  No specific hardware platform is required, however recommended specs will be captured and recorded in the user documentation if needed.",,,,
,,,10,Internet browser is required for the initial setup. (Microsoft Edge is the supported browser).,,,,
,,,11,Fixes for Standalone Tools software and controller software will be done with patches.,,,,
1533,Test Case,5.6.1 Test : Verify Ovation Standlone Controller & tools software with OCC100 using different Ovation tools,,,,,,
,,,1,,,,,
,,,2,"I.	Ovation Operator Graphics",,,,
,,,3,"II.	Ovation Developer’s Studio",,,,
,,,4,"III.	Ovation Alarm System",,,,
,,,5,"IV.	Ovation Control Builder",,,,
,,,6,"V.	Ovation Graphics Builder",,,,
,,,7,"VI.	Ovation Signal Diagram Viewer",,,,
,,,8,"VII.	Ovation Trend",,,,
,,,9,"VIII.	Point Information",,,,
,,,10,"IX.	Point Review",,,,
,,,11,"X.	Ovation Machine Works",,,,
,,,12,"XI.	Sensor Calibrate",,,,
,,,13,"XII.	Controller Diagnostics",,,,
,,,14,,,,,
1534,Test Case,5.6.2 Test : Verify support of Microsoft Edge Internet browser for the initial setup,,,,,,
,,,1,,,,,
,,,2,,,,,
,,,3,"This SRF satisfies security requirements of IEC 62443 4-2 SL1, each requirement is described in section 15.",,,,
1535,Test Case,5.7.1 Test : Verification of security requirements of IEC 62443 4-2 SL1,,,,,,
,,,1,,,,,
,,,2,User manual(s) shall be developed to assist the user in the operation of the Standalone Controller & Tools.,,,,
,,,3,A final list of documentation requirements will be developed with the Technical Writing group during implementation.,,,,
1536,Test Case,5.8.1 Test : To be discussed with documentation team,,,,,,
,,,1,,,,,
,,,2,"The controller source code (common) will be updated to run in a standalone fashion depending on a new configuration file parameter set by Developer’s Studio.  The controller code that will accept this type of change will be for the OCC100, OCR3000, OMC100. [Source Req 1.1]",,,,
,,,3,"To not have explicit networking requirements for a controller pair, the standalone controllers will not communicate DDBs (Dynamic Data Blocks) to each other over the network.  All communications will occur over the backplane.  If the controllers communicated over a network, it is possible that DDBs would interfere with each other. [Source Req 1.11]",,,,
,,,4,No changes in the controller code will be required to handle the maximum number of points. This is currently done via a configuration parameter set by Developer’s Studio.,,,,
,,,5,[Source Req. 1.2],,,,
,,,6,"The controller code will handle storing a predefined list of files/folders from the standalone tools.  These files will include things like the database, licensing files, control sheets, graphics, etc.  It will be everything needed to engineer and operate the standalone controller, (except for the software applications themselves). [Source Req 1.3]",,,,
,,,7,"When the controller is running in a redundant configuration, it will send the configuration files to the backup controller so that the files are available for runtime use (operator graphics, signal diagrams, etc.) if the primary controller becomes offline.  [Source Req 1.4]",,,,
,,,8,All algorithms will be supported with the exception [Source Req 1.5]:,,,,
,,,9,"	SIS algorithms",,,,
,,,10,"	Fieldbus algorithms",,,,
,,,11,"	Persisval algorithm (this requires a database server)",,,,
,,,12,"Algorithm templates/symbols will need to be stored on the controller so that when an algorithm is patched, the corresponding template files will always be “in-sync” with the patched version of the algorithm.  The tool (database and control builder) will need to use the version of the templates/symbols that were from the controller. [Source Req 1.5]",,,,
,,,13,Controller bumpless transfer will perform the same as in a traditional Ovation system.,,,,
,,,14,The controller can support secure communications via a Virtual Private Network (VPN).  The controller will implement a VPN natively in controller and will require a router to terminate the other end of the VPN in the remote location (i.e. Control Room). [Source Req 1.10],,,,
,,,15,"The Standalone Tools will support booting a controller from a blank flash (i.e. from the factory) for the initial configuration, or during a re-format of the flash drive during a field troubleshooting process.",,,,
,,,16,"The controller will support the standard SSH connection for advanced\field troubleshooting.  In a standard Ovation system, the SSH authentication is done via RADIUS, however for the Standalone Controller, the authentication will be done via the local user account information stored on the controller.  Only users with the Administrator role will be permitted access.  If no account information is available (no user yet created) SSH access to the controller will be denied.",,,,
1537,Test Case,5.9.1.1 Test : Verify if able to define & configure supported Controller types using Developer Studio in a Standalone environment.,,,,,,
,,,1,,,,,
,,,2,,,,,
,,,3,,,,,
1538,Test Case,5.9.1.2 Test : Verify maximum number of points for Controller in Standalone environment,,,,,,
,,,1,Determine if maximum number of points (This is currently done via a configuration parameter set by Developer’s Studio) limt works in same way as in traditional Controller,,,,
,,,2,,,,,
,,,3,,,,,
,,,4,,,,,
1539,Test Case,5.9.1.3 Test : Verify Controller redundancy from “availability of configurtion files for runtime use” perspective,,,,,,
,,,1,"Determine if When the controller is running in a redundant configuration, it will send the configuration files to the backup controller so that the files are available for runtime use (operator graphics, signal diagrams, etc) if the primary controller becomes offline",,,,
,,,2,,,,,
,,,3,,,,,
,,,4,,,,,
,,,5,,,,,
1540,Test Case,5.9.1.4 Test : Verify support of standard Algorithms in  environment,,,,,,
,,,1,Note:-Determine if All algorithms will be supported with the exception SIS algorithms/Fieldbus algorithms/Persisval algorithm (this requires a database server),,,,
,,,2,,,,,
,,,3,,,,,
,,,4,,,,,
1541,Test Case,5.9.1.6 Test : Verify if all required Algorithm templates/symbols stored on the controller,,,,,,
,,,1,"Determine if Algorithm templates/symbols will need to be stored on the controller (Algorithm templates/symbols will need to be stored on the controller so that when an algorithm is patched, the corresponding template files will always be “in-sync” with the patched version of the algorithm.  The tool (database and control builder) will need to use the version of the templates/symbols that were from the controller)",,,,
,,,2,,,,,
1542,Test Case,5.9.1.7 Test : Verify Controller redundancy for bumpless transfer of Control,,,,,,
,,,1,Determine if Controller bumpless transfer will perform the same as in a traditional Ovation system,,,,
,,,2,,,,,
,,,3,,,,,
,,,4,,,,,
,,,5,,,,,
1543,Test Case,5.9.1.8 Test : Verify Controller support for secure communications via a Virtual Private Network (VPN) in a standlone environment,,,,,,
,,,1,Determine if controller can support secure communications via a Virtual Private Network (VPN).  (The controller will implement a VPN natively in controller and will require a router to terminate the other end of the VPN in the remote location (i.e. Control Room)),,,,
,,,2,,,,,
,,,3,,,,,
1544,Test Case,5.9.1.9 Test : Verify if Controller is able to bootup from a blank flash (i.e. from the factory) for the initial configuration in a standlone environment,,,,,,
,,,1,"Determine if Standalone Tools will support booting a controller from a blank flash (i.e. from the factory) for the initial configuration, or during a re-format of the flash drive during a field troubleshooting process",,,,
,,,2,,,,,
,,,3,,,,,
,,,4,,,,,
1545,Test Case,5.9.1.10 Test : Verify if Controller is able to bootup from a re-formatted flash (i.e. from the factory) for the initial configuration in a standlone environment,,,,,,
,,,1,"Determine if Standalone Tools will support booting a controller from a blank flash (i.e. from the factory) for the initial configuration, or during a re-format of the flash drive during a field troubleshooting process",,,,
,,,2,,,,,
,,,3,,,,,
,,,4,,,,,
1546,Test Case,5.9.1.11 Test : Verify that the Controller supports SSH in a standalone environment,,,,,,
,,,1,"Determine if The controller will support the standard SSH connection for advanced\field troubleshooting (In a standard Ovation system, the SSH authentication is done via RADIUS, however for the Standalone Controller, the authentication will be done via the local user account information stored on the controller.  Only users with the Administrator role will be permitted access.  If no account information is available (no user yet created) SSH access to the controller will be denied)",,,,
,,,2,,,,,
,,,3,,,,,
,,,4,,,,,
,,,5,"The tools for Standalone Controllers will be installed as part of the Ovation Standalone Software, will not require a server class computer or operating system, and will not require the computer to be part of a domain. [Source Req 2.1] [Source Req 2.2]",,,,
,,,6,The tools for Standalone Controllers will require an Ovation license – tied to the computer on which the software is installed.  This will be similar to the Ovation licenses utilized on the Database Server of a standard Ovation system.  [Source Req 2.5],,,,
,,,7,The computer on which the tools for Standalone Controllers is installed will not be considered an Ovation drop – and installation of the software will not be permitted on an Ovation drop.  [Source Req 2.4],,,,
,,,8,"The tools for Standalone Controller will include a new application which will serve as the primary user interface where various engineering functions are performed, and where Ovation Engineering and HMI applications are initiated or launched.  Ovation user applications (Engineering or HMI) will be launched from this new application.  The new application will feature the following functionality:",,,,
,,,9,"	Permit the user to connect to (and disconnect from) a Standalone Controller.  A username and password will be required to connect to a Standalone Controller.  The tools for Standalone Controller will only permit the connection to one Standalone Controller at a time.  [Source Req. 3.2]",,,,
,,,10,"	Launch Ovation engineering tools applications such as Ovation Developer Studio and Ovation Engineering Audit Viewer. [Source Req. 2.13]",,,,
,,,11,"	Launch Ovation HMI applications such as the Standalone Controller Alarm Window, Trend, Graphics, Point Information, Point Review, the Ovation Error Log, Signal Diagram Viewer, and Ovation Machine Works. [Source Req. 3.4]",,,,
,,,12,"	Launch Ovation Utility applications such as Controller Diagnostics and Sensor Calibrate. [Source Req. 3.4]",,,,
,,,13,"	Permit the user to create a new Standalone Controller database.",,,,
,,,14,"	Permit the user to archive an existing Standalone Controller database to disk.  [Source Req. 2.9]",,,,
,,,15,"	Permit the user to restore a previously archived Standalone Controller database from disk.",,,,
1547,Test Case,"5.9.2.i Test : Verify that Ovation Standalone Software get installed (along with all the tools) on a non server grade, non Ovation machine and machine is also not a member of any domain",,,,,,
,,,1,,,,,
1548,Test Case,5.9.2.ii Test : Verify that tools for Standalone Controllers will require an Ovation license – tied to the computer on which the software is installed.  This will be similar to the Ovation licenses utilized on the Database Server of a standard Ovation system,,,,,,
,,,1,,,,,
1549,Test Case,5.9.2.iii Test : Verify that the computer on which the tools for Standalone Controllers is installed will not be considered an Ovation drop,,,,,,
,,,1,,,,,
1550,Test Case,5.9.2.iv Test : Verify that installation of the software will not be permitted on an Ovation drop,,,,,,
,,,1,,,,,
,,,2,,,,,
1551,Test Case,"5.9.2.v Test : Verify that for connecting to Controller, username and password is required",,,,,,
,,,1,,,,,
,,,2,,,,,
,,,3,,,,,
1552,Test Case,5.9.2.vi Test : Verify that tools for Standalone tools will only permit the connection to one Standalone Controller at a time,,,,,,
,,,1,,,,,
,,,2,,,,,
1553,Test Case,5.9.2.vii Test : Verify if  application Launch Ovation engineering tools applications such as Ovation Developer Studio,,,,,,
,,,1,,,,,
,,,2,,,,,
,,,3,,,,,
1554,Test Case,5.9.2.viii Test : Verify if  application Launch Ovation engineering tools applications such as Ovation Engineering Audit Viewer,,,,,,
,,,1,,,,,
,,,2,,,,,
,,,3,,,,,
,,,4,,,,,
,,,5,,,,,
,,,6,,,,,
1555,Test Case,"5.9.2.ix Test : Verify if  application Launch Ovation HMI applications such as the Standalone Controller Alarm Window, Trend, Graphics, Point Information, Point Review, the Ovation Error Log, Signal Diagram Viewer, and Ovation Machine Works",,,,,,
,,,1,,,,,
1556,Test Case,5.9.2.x Test : Verify if  application Launch Ovation Utility applications such as Controller Diagnostics and Sensor Calibrate,,,,,,
,,,1,,,,,
1557,Test Case,5.9.2.xi Test : Verify if  application Permit the user to create a new Standalone Controller database,,,,,,
,,,1,,,,,
,,,2,,,,,
,,,3,,,,,
1558,Test Case,5.9.2.xii Test : Verify if  application Permit the user to archive an existing Standalone Controller database to disk,,,,,,
,,,1,,,,,
,,,2,,,,,
1559,Test Case,5.9.2.xiii Test : Verify if  application Permit the user to restore a previously archived Standalone Controller database from disk,,,,,,
,,,1,,,,,
,,,2,,,,,
,,,3,"The installation of the tools for Standalone Controller will include the installation of Microsoft SQL Server Express, which will be used to configure a Standalone Controller.  The database will run on the computer where the Ovation Standalone Software has been installed but stored (maintained) on the Standalone Controller.  [Source Req. 2.6]",,,,
1560,Test Case,5.9.2.1.1 Test : Verify that Database will run on the computer where the Ovation Standalone Software has been installed but stored (maintained) on the Standalone Controller,,,,,,
,,,1,,,,,
,,,2,"User accounts will be maintained in (and authenticated by) the Standalone Controller.  As it relates specifically to the Standalone Controller, there will be 3 different “User Types” to which a user may be assigned:",,,,
,,,3,"	Operator:  The user will not be able to perform any engineering functions.  All Engineering Tools applications will consider the database to be in a read-only mode.  (Reference Section 14.2.5.3 for more information about read-only mode in Ovation Developer Studio.)",,,,
,,,4,"	Engineer:  The user will be able to perform engineering functions and make modifications to the database.",,,,
,,,5,"	Administrator:  The user will be able to perform engineering functions and make modifications to the database, user accounts, and Ovation security configurations.",,,,
,,,6,These user accounts will be used for the purpose of connecting and gaining access to a Standalone Controller’s runtime and engineering/configuration data.  They will not be associated in any way with the computer’s Windows user.  [Source Req. 2.7],,,,
,,,7,"The Ovation Security Manager (launched from Ovation Developer Studio) will be responsible for creating and maintaining users in the Standalone Controller and defining allow/deny access to Ovation functionality for those users.  Although the Ovation Security Manager will provide the user interface to create/modify/delete user accounts and update/reset existing user passwords, the underlying functionality for these operations will be performed by the Standalone Controller itself.  [Source Req. 1.12] [Source Req. 2.10]",,,,
1561,Test Case,5.9.2.2.1 Test : Verify user accounts in Standalone environment,,,,,,
,,,1,Note: Refer Ovation Security manager SVTP for the detailed steps for this test.,,,,
,,,2,,,,,
,,,3,,,,,
,,,4,,,,,
,,,5,,,,,
,,,6,,,,,
,,,7,,,,,
,,,8,,,,,
,,,9,,,,,
,,,10,,,,,
1562,Test Case,5.9.2.2.2 Test : Verify that operator user will not be able to perform any engineering functions.,,,,,,
,,,1,,,,,
,,,2,,,,,
1563,Test Case,5.9.2.2.3 Test : Verify that Engineer user will be able to perform engineering functions and make modifications to the database,,,,,,
,,,1,,,,,
,,,2,,,,,
1564,Test Case,"5.9.2.2.4 Test : Verify that Administrator user will be able to perform engineering functions and make modifications to the database, user accounts, and Ovation security configurations",,,,,,
,,,1,,,,,
,,,2,,,,,
1565,Test Case,5.9.2.2.5 Test :  that Administrator user will not be associated in any way with the computer’s Windows user,,,,,,
,,,1,,,,,
,,,2,,,,,
,,,3,"To connect to a Standalone Controller, the user will need to provide a valid username and password – authenticated by the Standalone Controller.  The tools for Standalone Controller software will support the following example use cases when connecting to a Standalone Controller:",,,,
,,,4,,,,,
,,,5,"If the user is defined with the role of Operator, they will still be able to run Ovation Developer Studio (subject to the user’s Ovation security configuration), but the application will execute in read-only mode.  (Reference Section 14.2.5.3 for more information about read-only mode in Ovation Developer Studio.)",,,,
,,,6,,,,,
,,,7,"	Initial configuration of a Standalone Controller (e.g., no database currently exists in the Standalone Controller).",,,,
,,,8,"	Off-line configuration of a new database (e.g., new control scheme/functionality) – completely replacing the database on (and the application currently running in) the Standalone Controller.",,,,
,,,9,"	Off-line modification of a Standalone Controller.  For example, the user Disconnects from the Standalone Controller but keeps the database locally on the computer to make “off-line” engineering modifications to the database.  (Reference Section 14.2.4 for more information about Disconnect.)",,,,
,,,10,Note that this use case will not be applicable for users defined with the role of Operator.,,,,
,,,11,"Checks will be performed to verify that the database running locally on the computer is compatible with the database currently stored in the Standalone Controller.  If an incompatibility is detected, the user will be notified and given the following options:",,,,
,,,12,"	Abort the Connection attempt.",,,,
,,,13,"	Utilize the database on the Standalone Controller – in which case the database currently on the computer will be deleted and the database will be uploaded from the Standalone Controller.",,,,
,,,14,"	Utilize the database currently on the computer.  Note that since the database has been detected to be incompatible with the database stored on (and application running in) the Standalone Controller, the Standalone Controller will need to be cleared.",,,,
,,,15,"Once Connected to the Standalone Controller, the Ovation HMI and utility applications can be executed, regardless of the user’s defined role.  [Source Req. 3.1]",,,,
,,,16,"Unless the user is defined with the role of Operator, the Standalone Controller will implicitly mark its database as locked (or “signed out”). [Source Req. 2.11] However, only one user will have the ability to Connect and lock a Standalone Controller’s database at any one time.  If a non-Operator user attempts to Connect to a Standalone Controller whose database is already locked, they will be notified and given the following options:",,,,
,,,17,"	Abort the Connection attempt.",,,,
,,,18,"	Continue with the Connection, but without locking the database and operating in read-only mode.",,,,
,,,19,"	Override the database lock.",,,,
,,,20,"In the case of a redundant Standalone Controller, Connection for engineering purpose will require the availability of (and explicit connection to) the primary half of the redundant Standalone Controller.  If the primary half is not available, the user will still be able to perform a Connect for the purposes of operator functionality (including access to the database in a read-only mode).  (Reference Section 14.2.5.3 for more information about read-only mode in Ovation Developer Studio.)",,,,
,,,21,"Note, if the primary controller is lost, and a database backup is not available offline, the user can still recover the database from the backup controller and use that as a starting point to recover the primary controller.  Best practice should be for the user to always archive the database in another location following any engineering changes to the application.",,,,
1566,Test Case,"5.9.2.3.1 Test : Verify that to connect to a Standalone Controller, valid username and password is required",,,,,,
,,,1,,,,,
,,,2,,,,,
,,,3,,,,,
1567,Test Case,5.9.2.3.2 Test : Verify database upload to database (and supporting files) to the computer,,,,,,
,,,1,,,,,
,,,2,,,,,
,,,3,,,,,
1568,Test Case,5.9.2.3.3 Test : Verify if Operator user can run Ovation Developer Studio in read-only mode only,,,,,,
,,,1,,,,,
,,,2,,,,,
1569,Test Case,"5.9.2.3.4 Test : Verify if user will be able to perform Initial configuration of a Standalone Controller (e.g., no database currently exists in the Standalone Controller)",,,,,,
,,,1,,,,,
,,,2,,,,,
1570,Test Case,5.9.2.3.5 Test : Verify downloading new database (performed offline) to already running Controller with some database,,,,,,
,,,1,,,,,
,,,2,,,,,
,,,3,,,,,
1571,Test Case,5.9.2.3.6 Test : Verify downloading modified database (performed offline) to already running Controller with some database,,,,,,
,,,1,,,,,
,,,2,,,,,
,,,3,,,,,
1572,Test Case,5.9.2.3.7 Test : Verify if Checks will be performed to verify that the database running locally on the computer is compatible with the database currently stored in the Standalone Controller,,,,,,
,,,1,,,,,
,,,2,,,,,
1573,Test Case,Test : Verify options available on detection of incompatibilityof Database between Standalone station and Standalone Controller,,,,,,
,,,1,9.2.3.8,,,,
,,,2,,,,,
,,,3,,,,,
,,,4,#NAME?,,,,
,,,5,-Utilize the database on the Standalone Controller – in which case the database currently on the computer will be deleted and the database will be uploaded from the Standalone Controller.,,,,
,,,6,#NAME?,,,,
,,,7,,,,,
,,,8,,,,,
,,,9,,,,,
1574,Test Case,"5.9.2.3.11 Test : Verify if Once Connected to the Standalone Controller, the Ovation HMI and utility applications can be executed, regardless of the user’s defined role",,,,,,
,,,1,,,,,
,,,2,,,,,
1575,Test Case,"5.9.2.3.12 Test : Verify if Unless the user is defined with the role of Operator, the Standalone Controller will implicitly mark its database as locked(or “signed out”).",,,,,,
,,,1,,,,,
,,,2,,,,,
1576,Test Case,5.9.2.3.13 Test : Verify if only one user will have the ability to Connect and lock a Standalone Controller’s database at any one time,,,,,,
,,,1,,,,,
,,,2,,,,,
1577,Test Case,5.9.2.3.14 Test : Verify non-Operator user attempts to Connect to a Standalone Controller whose database is already locked,,,,,,
,,,1,,,,,
,,,2,,,,,
,,,3,,,,,
,,,4,Abort the Connection attempt,,,,
,,,5,"Continue with the Connection, but without locking the database and operating in read-only mode.",,,,
,,,6,Override the database lock,,,,
,,,7,,,,,
,,,8,,,,,
,,,9,,,,,
1578,Test Case,5.9.2.3.15 Test : Verify Connection for engineering purpose will require the availability of the primary half of the redundant Standalone Controller,,,,,,
,,,1,,,,,
,,,2,,,,,
,,,3,,,,,
,,,4,,,,,
,,,5,,,,,
1579,Test Case,"5.9.2.3.16 Test : Verify if the primary half is not available, the user will still be able to perform a Connect for the purposes of operator functionality including access to the database in a read-only mode",,,,,,
,,,1,,,,,
,,,2,,,,,
,,,3,,,,,
,,,4,,,,,
,,,5,,,,,
1580,Test Case,"5.9.2.3.17 Test : Verify if the primary controller is lost, and a database backup is not available offline, the user can still recover the database from the backup controller and use that as a starting point to recover the primary controller.",,,,,,
,,,1,,,,,
,,,2,,,,,
,,,3,,,,,
,,,4,,,,,
,,,5,,,,,
,,,6,,,,,
,,,7,"The Disconnect operation will close the connection with the Standalone Controller.  All HMI applications will be terminated, and the user will be logged out of the Standalone Controller.  In addition, if the Standalone Controller database is not locked (e.g., Operator user), the database on the workstation will be deleted/removed.  If the Standalone Controller database is locked, the tools for software will support several options when disconnecting [Source Req. 2.12]:",,,,
,,,8,"	Disconnect (Normal):  The Standalone Controller database (and supporting files) will be downloaded to the Standalone Controller, the Standalone Controller will indicate that its database is no longer locked, and the database on the workstation will be deleted/removed.  This will be the typical use case.",,,,
,,,9,"	Disconnect (Engineer):  The Standalone Controller database (and supporting files) will be downloaded to the Standalone Controller and the Standalone Controller will indicate that its database is still locked by the user, and the database on the workstation will not be deleted/removed.",,,,
,,,10,This use case is appropriate if additional engineering functions are intended to be performed in an offline (or disconnected) state.,,,,
1581,Test Case,5.9.2.4.1 Test : Verification of disconnect operation,,,,,,
,,,1,,,,,
,,,2,,,,,
,,,3,,,,,
,,,4,,,,,
1582,Test Case,5.9.2.4.2 Test : Verification of disconnect operation when Standalone Controller database is not locked,,,,,,
,,,1,,,,,
,,,2,,,,,
,,,3,,,,,
1583,Test Case,5.9.2.4.3 Test : Verification of disconnect operation when Standalone Controller database is locked,,,,,,
,,,1,,,,,
,,,2,,,,,
,,,3,,,,,
,,,4,,,,,
,,,5,,,,,
,,,6,"The Ovation Developer Studio for Standalone Controller (in general) will look and operate like Ovation Developer Studio on a standard Ovation system.  There will be functional differences, however, in the version used for engineering a Standalone Controller.",,,,
1584,Test Case,5.9.2.5.1 Test : Verify if Ovation Developer Studio for Standalone Controller (in general) will look and operate like Ovation Developer Studio on a standard Ovation system.,,,,,,
,,,1,,,,,
,,,2,"The standalone controller database will be limited to the definition of 1 Standalone Controller, which will not be an Ovation drop (e.g., no Drop ID specification).  [Source Req. 2.3]",,,,
,,,3,The Engineering Tools for Standalone Controller software will prevent the user from defining received points for the Standalone Controller.  This is further enforced since the single Standalone Controller is the only entity where Ovation points can be defined in a Standalone Controller database.  [Source Req. 1.8],,,,
,,,4,The only supported Standalone Controller drop types/styles will be OCR3000 and OCC100.  The OMC100 and OCRVirt will be supported in the future.  [Source Req. 1.1],,,,
,,,5,Standalone Controller drop types/styles will have the same configurations as their counterparts in Ovation with respect to redundancy (simplex/redundant) and Ovation point counts.  [Source Req. 1.2] [Source Req. 1.3],,,,
,,,6,The list of configurable I/O Drivers for the Standalone Controller will be the same as their counterparts in Ovation with the following omissions [Source Req. 1.6] [Source Req. 1.7]:,,,,
,,,7,"	Ovation SIS and Ovation SIS CHARMs",,,,
,,,8,"	Foundation Fieldbus (this implies that Foundation Fieldbus modules will also not be supported)",,,,
,,,9,"	DeviceNet (this implies that DeviceNet modules will also not be supported)",,,,
,,,10,"	Ovation Multi-Network (ExternalOvationNetwork)",,,,
,,,11,Standalone Controllers will not support Q-Line modules.  Note that this is implicitly enforced since none of the supported Standalone Controller drop types/styles support Q-Line in a standard Ovation system.  [Source Req. 1.6],,,,
1585,Test Case,5.9.2.5.2.1 Test : Verify thet Engineering Tools will prevent the user from defining received points for the Standalone Controller,,,,,,
,,,1,,,,,
,,,2,,,,,
,,,3,,,,,
1586,Test Case,5.9.2.5.2.2 Test : Determine if only supported Standalone Controller drop types/styles will be OCR3000 and OCC100,,,,,,
,,,1,,,,,
,,,2,,,,,
,,,3,,,,,
1587,Test Case,5.9.2.5.2.3 Test : Verify support of IO drivers,,,,,,
,,,1,,,,,
,,,2,Refer & execute CONTROLLER_SVTP_rev5.14.docx for detailed steps for this checking,,,,
1588,Test Case,5.9.2.5.2.4 Test : Verify if Standalone Controllers do not support Q-Line modules.,,,,,,
,,,1,,,,,
,,,2,,,,,
,,,3,"The licensing of Standalone Controller related items (e.g., point License Tiers, ELC and Embedded Link protocols, etc.) will be based on the MAC address of the Standalone Controller (primary side if redundant).  These will be licenses separate from the license used for the Ovation Standalone software itself.  When launched from Ovation Developer Studio, the License Manager will utilize the MAC address as obtained from the connected Standalone Controller.  If running in a disconnected state, the MAC address as defined in the database will be used.  [Source Req. 1.9]",,,,
,,,4,,,,,
,,,5,,,,,
,,,6,The Ovation Developer Studio will support operation in a read-only mode.  This will be employed if the connected user is an Operator or if any user has connected to a Standalone Controller which has been locked (for engineering) by another user from another computer.  The Ovation Developer Studio running in read-only mode will have the following differences:,,,,
,,,7,"	The following Operations are disabled, regardless of the user’s Ovation security configuration:  Insert New..., Delete, Purge, Copy, Load, Download, Reboot, Clear, Reconcile, Create Baseline..., Control Options..., Import (Graphics), Coefficient Calc, and Restore.",,,,
,,,8,"	When launched from Ovation Developer Studio, the Ovation Graphics Builder will run in read-only mode.",,,,
,,,9,"	Ovation Developer Studio will not launch the Ovation Control Builder.",,,,
1589,Test Case,5.9.2.5.4.1 Test : Verification of Read-only mode,,,,,,
,,,1,,,,,
,,,2,,,,,
,,,3,,,,,
,,,4,,,,,
,,,5,,,,,
,,,6,A new right-click Operation will be defined for the Standalone Controller database object.  This operation will permit the user to perform the following [Source Req. 2.8]:,,,,
,,,7,"	Perform an explicit download of the Standalone Controller database (and supporting files) to the Standalone Controller.",,,,
,,,8,"	Enable/disable the implicit download of the Standalone Controller database (and supporting files) to the Standalone Controller immediately following each successful Load to the Standalone Controller.",,,,
,,,9,The following Operations will be disabled unless the user is currently connected to the Standalone Controller in a locked state:,,,,
,,,10,"	Load",,,,
,,,11,"	Download",,,,
,,,12,"	Reboot",,,,
,,,13,"	Clear",,,,
,,,14,"	Reconcile",,,,
,,,15,"	Restore",,,,
1590,Test Case,5.9.2.5.5.1 Test : Verify new right-click Operation,,,,,,
,,,1,,,,,
,,,2,,,,,
,,,3,,,,,
1591,Test Case,5.9.2.5.5.2 Test : Verfy if Operations will be disabled unless the user is currently connected to the Standalone Controller in a locked state,,,,,,
,,,1,,,,,
,,,2,,,,,
,,,3,"The HMI Applications will be installed as part of the Ovation Standalone Software and will not require the computer to be part of a domain. The HMI Applications will be updated to run in a standalone mode based on a new configuration parameter set by Developer’s Studio.  The Standalone HMI Applications can be initiated after the user is connected to the Standalone Controller.  When the user connects as an Operator, the data that the HMI Applications use, such as configuration, data files, etc., will be uploaded and installed. [Source Req 3.1]",,,,
,,,4,A user can only connect to one controller at a time from a specific computer.  [Source Req 3.2],,,,
,,,5,"Multiple users (operators, engineers, or administrators) will be able to connect to the same Standalone Controller providing they connect from different machines. The Standalone Controller will allow at least three simultaneous connections. [Source Req 3.3] Once the user is connected, they will be able to initiate the HMI Applications. When the user disconnects from the Standalone Controller, any running HMI Applications will terminate.",,,,
,,,6,The following HMI Applications will be supported in the Standalone Mode. [Source Req 3.4],,,,
,,,7,"	Graphics",,,,
,,,8,"	Point Information",,,,
,,,9,"	Trend",,,,
,,,10,"	Point Review",,,,
,,,11,"	Standalone Alarm Window",,,,
,,,12,"	Signal Diagram",,,,
,,,13,"	Ovation Machine Works",,,,
,,,14,"	Sensor Calibrate",,,,
,,,15,"	Controller Diagnostics",,,,
,,,16,"	Session Manager",,,,
,,,17,"	Error Log",,,,
,,,18,The Standalone HMI Alarm Software will only provide the current points in alarm.  This supports only an “Alarm List” none of the other “List” types are available. The Standalone HMI Software will not provide the following:,,,,
,,,19,"	Alarm Printer",,,,
,,,20,"	Audible Alarm",,,,
,,,21,"	Alarm Graphics Groups (However the priority icon will be supported)",,,,
,,,22,"	Alert Details (Fieldbus is not being supported)",,,,
,,,23,"	Ovation Keyboard",,,,
,,,24,"The Standalone HMI Applications will support the Ovation Security Rules, which enables or disables the ability to perform the Operator Functions (such as scan on, scan off, etc.) based on the user that is currently logged into the Standalone Controller.",,,,
1592,Test Case,5.9.3.1 Test : Verify if the HMI Applications will be installed as part of the Ovation Standalone Software,,,,,,
,,,1,,,,,
,,,2,,,,,
,,,3,"i.	Graphics",,,,
,,,4,"ii.	Point Information",,,,
,,,5,"iii.	Trend",,,,
,,,6,"iv.	Point Review",,,,
,,,7,"v.	Standalone Alarm Window",,,,
,,,8,"vi.	Signal Diagram",,,,
,,,9,"vii.	Ovation Machine Works",,,,
,,,10,"viii.	Sensor Calibrate",,,,
,,,11,"ix.	Controller Diagnostics",,,,
,,,12,"x.	Session Manager",,,,
,,,13,"xi.	Error Log",,,,
,,,14,,,,,
1593,Test Case,5.9.3.2 Test : Verify if a user can only connect to one controller at a time from a specific computer,,,,,,
,,,1,,,,,
,,,2,,,,,
1594,Test Case,"5.9.3.3 Test : Verify if Multiple users (operators, engineers, or administrators) will be able to connect to the same Standalone Controller providing they connect from different machines.",,,,,,
,,,1,,,,,
,,,2,,,,,
,,,3,,,,,
1595,Test Case,5.9.3.4 Test : Verify if Standalone HMI Alarm Software will only provide the current points in alarm.,,,,,,
,,,1,,,,,
,,,2,,,,,
1596,Test Case,"5.9.3.5 Test : Verify if Standalone HMI Software will not provide Alarm Printer, Audible Alarm,Alarm Graphics Groups (However the priority icon will be supported),Alert Details (Fieldbus is not being supported),Ovation Keyboard",,,,,,
,,,1,,,,,
,,,2,"i.	Alarm Printer,",,,,
,,,3,"ii.	Audible Alarm,",,,,
,,,4,"iii.	Alarm Graphics Groups (However the priority icon will be supported),",,,,
,,,5,"iv.	Alert Details (Fieldbus is not being supported),Ovation Keyboard",,,,
1597,Test Case,5.9.3.6 Test : Verify if Standalone HMI Applications will support the Ovation Security Rules,,,,,,
,,,1,,,,,
,,,2,"The Standalone Controller shall support any of the Communication Protocols available for the Controllers within the Communication Protocols Suite (CPS).  The CPS software will be installed via the CPS 3.3 release software.  Protocols will be configured using the CPS configuration tools the same way as in the traditional Ovation system.  This includes the native “Embedded Ethernet Protocol” embedded in the OCC100, OCR3000, OMC100 (future), OCRVirt (future) and the Ethernet Link Communications (ELC) modules. [Source Req 1.5]",,,,
1598,Test Case,5.9.4.1 Test :Verify if  Standalone Controller support for Communication Protocols Suite (CPS),,,,,,
,,,1,,,,,
,,,2,,,,,
,,,3,,,,,
1599,Test Case,5.10.1.1 Test : To verify that the Standalone Controller will authenticate human users via username/password.,,,,,,
,,,1,,,,,
,,,2,,,,,
,,,3,,,,,
1600,Test Case,5.10.1.2 Test : To verify that the Standalone Controller will manage accounts associated with the controller.,,,,,,
,,,1,,,,,
,,,2,,,,,
,,,3,,,,,
,,,4,,,,,
1601,Test Case,5.10.1.3 Test : To verify that the Standalone Controller will manage identifiers to ensure that unique identifiers are used for each user account,,,,,,
,,,1,,,,,
,,,2,,,,,
1602,Test Case,"5.10.1.4 Test : To verify that Standalone Controller shipped from the factory will have no initial authenticator information.  The Standalone Controller will force the user to define an Administrator password during the initial setup.  The Standalone Controller will have an option to force periodic refresh of passwords (passwords expire – default is never expire, duration of expiration will be configurable).",,,,,,
,,,1,,,,,
,,,2,,,,,
,,,3,,,,,
,,,4,,,,,
,,,5,,,,,
,,,6,,,,,
,,,7,,,,,
,,,8,,,,,
1603,Test Case,"5.10.1.5 Test : To verify that Standalone Controller will have the ability to enforce password strength, based on minimum length, and variety of characters. Prevention of password reuse is not required.",,,,,,
,,,1,"Note, the controller will not allow this to be configurable.  It will use a hard-coded password strength algorithm.  This will simplify the design of the password strength.",,,,
,,,2,,,,,
,,,3,,,,,
,,,4,,,,,
,,,5,,,,,
,,,6,,,,,
,,,7,,,,,
1604,Test Case,"5.10.1.6 Test : To verify that The Standalone Controller will obscure feedback of the password when being entered by the user, i.e. display asterisks.  It will also not give any clue to whether the username or password is invalid for a failed authentication attempt, such as “unknown username”.",,,,,,
,,,1,,,,,
,,,2,,,,,
,,,3,,,,,
,,,4,,,,,
,,,5,,,,,
1605,Test Case,5.10.1.7 Test : To verify that in case of “Unsuccessful login attempts” controller will limit consecutive attempts using a hard-coded algorithm.,,,,,,
,,,1,Note- The algorithm will not be configurable.  This will simplify the design,,,,
,,,2,,,,,
,,,3,,,,,
1606,Test Case,5.10.1.8 Test : To verify that Standalone Controller will have the optional capability to display a customizable System Use Notification that will be displayed during user access before authentication,,,,,,
,,,1,,,,,
,,,2,,,,,
1607,Test Case,5.10.2.1 Test : To verify that The Standalone Controller and Tools will have role-based policies to enforce that the authenticated users can perform the requested action based on their assigned responsibilities.,,,,,,
,,,1,"Note, controller diagnostics currently does not check for user role for module firmware download and reboot.  Future enhancement will be to add a check for “is role enabled” for controller diagnostics to see if the user is authorized for controller diagnostics.",,,,
,,,2,,,,,
,,,3,,,,,
,,,4,,,,,
,,,5,,,,,
,,,6,,,,,
,,,7,,,,,
1608,Test Case,5.10.2.2 Test : To verify that The Ovation Controller does not have wireless access,,,,,,
1609,Test Case,"5.10.2.3 Test : To verify that controller web interface will use a limited amount of Java Script, but it will not execute arbitrary Java Script.  All web pages that are hosted on the controller will be standard and released via the signed binary image",,,,,,
,,,1,,,,,
,,,2,,,,,
1610,Test Case,5.10.2.4 Test : To verify that controller implements a session-lock internally and expires after 1 hour.,,,,,,
,,,1,,,,,
1611,Test Case,5.10.2.5 Test : To verify that Events can be monitored and audited using the Error Log and Audit Viewer.,,,,,,
,,,1,"Note:- Operator events are not supported at this time.To support auditable events from the controller’s perspective, the controller would require significant changes.  At this time, we will handle auditing the same as it is done in an Traditional Ovation System.",,,,
,,,2,,,,,
,,,3,,,,,
1612,Test Case,5.10.2.6 Test : To verify that Audit information will be stored in the database which archived in the controller.,,,,,,
,,,1,Note:- Capacity of audit-information is limited to a specific size,,,,
,,,2,,,,,
,,,3,,,,,
1613,Test Case,5.10.2.7 Test : To verify the Controller response to audit processing failures,,,,,,
,,,1,N.A. (Note:- controller does not directly process audit information so this will not be an issue),,,,
1614,Test Case,5.10.2.8 Test : To verify that Controller creates timestamps based on the configured NTP time source,,,,,,
,,,1,,,,,
,,,2,,,,,
1615,Test Case,"5.10.3.1 Test : To verify that The controller will use typical methods for verifying/preserving integrity of communications.  This includes checksums/crcs/sequence numbers.  In some cases, this is limited to the protocol which already exists.  All new communications to the controller that is related to the Standalone feature will use HTTPS which has various checks for integrity",,,,,,
,,,1,,,,,
,,,2,,,,,
1616,Test Case,"5.10.3.2 Test : To verify that The controller will use the standard application signing that verifies the loaded software has been signed.  The signing process happens as part of the official software build process.  Loading of unsigned software will result in an error, and the software will not execute",,,,,,
,,,1,Testing steps are below :,,,,
,,,2,The purpose of this test is to verify that the controller(s) will not load unsigned versions of specific software.,,,,
,,,3,,,,,
,,,4,"a.	On DB Server",,,,
,,,5,"b.	Make backup copy of signed kernel – c:\tftpboot\vxworks.ocr3000",,,,
,,,6,"c.	Copy unsigned kernel to c:\tftpboot\vxworks.ocr3000",,,,
,,,7,"d.	Restart CBS service (controller boot service)",,,,
,,,8,"e.	Format OCR3000 disk (use serial cable and ‘F’ command using boot menu  -or- put controller in new slot)",,,,
,,,9,"f.	Verify controller is booting from DB server by monitoring BOOTP and TFTP messages in Ovation Error Log",,,,
,,,10,"g.	Verify controller will not start and does not indicate “ss_rpc: ready to be downloaded”",,,,
,,,11,"h.	Error message to putty console:",,,,
,,,12,Attempting to load “/bd0/boot/xWorks” from disk ... file not found.,,,,
,,,13,Attempting to load from the network ... Loading... Unable to read Module Info – attempt copy to RamDisk,,,,
,,,14,Loading Image in 20M ram disk,,,,
,,,15,"Instantiating /bootDrv:0 as rawFs,  device = 0x40001",,,,
,,,16,Formatting /bootDrv:0 for DOSFS,,,,
,,,17,"Instantiating /bootDrv:0 as rawFs, device = 0x40001",,,,
,,,18,Formatting...Retrieved old volume params with %38 confidence:,,,,
,,,19,"Volume Parameters: FAT type: FAT32, sectors per cluster 0",,,,
,,,20,"0 FAT copies, 0 clusters, 0 sectors per FAT",,,,
,,,21,"Sectors reserved 0, hidden 0, FAT sectors 0",,,,
,,,22,"Root dir entries 0, sysId (null)  , serial number d390000",,,,
,,,23,Label:”           “ ...,,,,
,,,24,Disk with 40000 sectors of 512 bytes will be formatted with:,,,,
,,,25,"Volume Parameters: FAT type: FAT16, sectors per cluster 2",,,,
,,,26,"2 FAT copies, 19904 clusters, 79 sectors per FAT",,,,
,,,27,"Sectors reserved 1, hidden 0, FAT sectors 158",,,,
,,,28,"Root dir entries 512, sysId VXDOS16 , serial number d390000",,,,
,,,29,Label:”boot       “ ...,,,,
,,,30,Copying to RamDisk,,,,
,,,31,Key Validation failed.,,,,
,,,32,"i.	Restore original signed kernel – c:\tftpboot\vxworks.ocr3000",,,,
,,,33,"j.	Restart CBS service (controller boot service)",,,,
,,,34,"k.	Reboot controller & Query/Download as normal.",,,,
,,,35,,,,,
,,,36,"a.	On DB Server",,,,
,,,37,"b.	Make backup copy of signed monolith – C:\Ovation\Embedded\controller\ocr3000\boot\ocr3000Ctlr.out",,,,
,,,38,"c.	Copy unsigned kernel to C:\Ovation\Embedded\controller\ocr3000\boot\ ocr3000Ctlr.out",,,,
,,,39,"d.	Query/Download OCR3000",,,,
,,,40,"e.	Restart OCR3000",,,,
,,,41,"f.	Verify controller does not boot and is not available on network",,,,
,,,42,"i.	Serial cable connection during boot should show specific error message:",,,,
,,,43,# ocr3000_startup.scr,,,,
,,,44,ld < /bd0/boot/ocr3000Ctlr.out,,,,
,,,45,ld(): error loading file (errno = 0x61001f).,,,,
,,,46,"ii.	Type “printErrno 0x61001f” and verify the error is “SIG_KEY_INVALID”",,,,
,,,47,-> printErrno 0x61001f,,,,
,,,48,errno = 0x61001f : S_loadElfLib_SIG_KEY_INVALID.,,,,
,,,49,"g.	Restore original signed monolith – C:\Ovation\Embedded\controller\ocr3000\boot\ ocr3000Ctlr",,,,
,,,50,"h.	Use serial cable to format flash disk (press any key during boot, then ‘?’ for help, do format command “F”)",,,,
,,,51,"i.	Reboot with the “@” command.",,,,
,,,52,"j.	Controller should boot, then query download as normal.",,,,
1617,Test Case,5.10.3.3 Test : To verify that documentation will be updated to indicate to the user how to verify all security features are working properly,,,,,,
,,,1,,,,,
1618,Test Case,"5.10.3.4 Test : To verify that The controller will not execute if the main software application has been tampered with.  Additional software that is loaded besides the main software will result in an error message if the signature checks fail, and the software will not be loaded",,,,,,
,,,1,This will include following to checks,,,,
,,,2,"a.	Execute the 2nd test mentioned in 5.10.3.2 Verify OCR3000 will not load unsigned monoliths (*.out) files",,,,
,,,3,"b.	Change the Startup script to include loading of unsighned *.out file. Download the Controller and reboot the Controller. Using Console verify that this *.out should not get loaded.",,,,
1619,Test Case,5.10.3.5 Test : To verify that The controller will use typical methods for input validation.  Controller inputs include hardwired/networked input/output.  These values are checked according to point ranges defined by the engineering tools.  Changes to values such as setpoints are performed by network communications and are also subject to range checks during the handling of the setpoint change message,,,,,,
,,,1,,,,,
,,,2,,,,,
1620,Test Case,5.10.3.6 Test : To verify that The controller will use its standard method for deterministic outputs. This includes the “Timeout Action” and “Timeout Selection” feature that exists on the I/O Modules,,,,,,
,,,1,,,,,
,,,2,,,,,
1621,Test Case,5.10.3.7 Test : To verify that Error Handling,,,,,,
,,,1,The controller will not provide any error message to assist an attacker in knowing why an authentication failed.  This includes:,,,,
,,,2,"	Webpage access",,,,
,,,3,"	Access from the Standalone Tools",,,,
,,,4,"	Error messages in the Ovation Error Log",,,,
,,,5,"	Error messages returned in the HTTPS response",,,,
,,,6,"	Error messages in the Controller’s Error Buffer",,,,
,,,7,"	Error messages in the Controller’s serial output",,,,
,,,8,,,,,
,,,9,,,,,
,,,10,"I.	Webpage access",,,,
,,,11,"II.	Access from the Standalone Tools",,,,
,,,12,"III.	Error messages in the Ovation Error Log",,,,
,,,13,"IV.	Error messages returned in the HTTPS response",,,,
,,,14,"V.	Error messages in the Controller’s Error Buffer",,,,
,,,15,"VI.	Error messages in the Controller’s serial output",,,,
1622,Test Case,5.10.3.8 Test : To verify that Controller and Tools will support patching similar to Ovation.,,,,,,
,,,1,,,,,
1623,Test Case,5.10.3.9 Test : To verify that Integrity of the boot process,,,,,,
,,,1,,,,,
,,,2,"a.	On DB Server",,,,
,,,3,"b.	Make backup copy of signed kernel – C:\Ovation\Embedded\controller\ocr3000\boot\vxWorks",,,,
,,,4,"c.	Copy unsigned kernel to C:\Ovation\Embedded\controller\ocr3000\boot\vxWorks",,,,
,,,5,"d.	Query/Download OCR3000",,,,
,,,6,"e.	Restart OCR3000",,,,
,,,7,"f.	Verify controller does not boot and is not available on network",,,,
,,,8,"i.	Serial cable connection during boot should show specific error message:",,,,
,,,9,Attempting to load “/bd0/boot/xWorks” from disk ...,,,,
,,,10,Loading /bd0/boot/xWorks ...,,,,
,,,11,Key Validation failed.,,,,
,,,12,"g.	Verify controller will give up and boot from network and start ss_rpc (ss_rpc: ready to be downloaded)",,,,
,,,13,"h.	Restore original signed kernel – C:\Ovation\Embedded\controller\ocr3000\boot\vxWorks",,,,
,,,14,"i.	Query download as normal.",,,,
1624,Test Case,5.10.4.1 Test : To verify Information confidentiality.,,,,,,
,,,1,Note:- Ovation does not use confidential information. The VPN file has a pre-shared key that is stored openly at rest. The user must protect access to the controller if the pre-shared key is sensitive.,,,,
,,,2,,,,,
1625,Test Case,5.10.4.2 Test : To verify that use of cryptography.,,,,,,
,,,1,The Standalone controller makes use of 2 different types of cryptography.  The main cryptography method is for the HTTPS connection between the controller and the tools.  The secondary method is for the VPN connection (ESP packets) which is an optional feature.,,,,
,,,2,,,,,
,,,3,,,,,
,,,4,"Verify that the HTTPS requires the use of certificates to provide the private and public keys needed to encrypt, decrypt, sign, and verify the request.",,,,
,,,5,ii) Verify the HTTPS connection can be succesfully estabilished by,,,,
,,,6,login to the controller portal using HTTPS instead of HTTP in the url (for ex: https://192.168.100.45:9292/v1/login) via the Edge browser. (Note:- for HTTP port 9191 will be used while for HTTPS port 9292 will be used ),,,,
,,,7,"iii) Verify that on successful login to the controller portal, the connection made is secure as the warning message saying “Not secure” should not appear on the browser.",,,,
,,,8,"iv) Capture the network packets between Standalone Controller and station using wireshark for HTTPS packets, Network packets should show these messages as TLS packets.",,,,
,,,9,Verify if it implements all securuty related measures like checksums/crcs/sequence numbers.,,,,
,,,10,"Also, Verify that there is no information available like username, password etc.",,,,
,,,11,,,,,
,,,12,,,,,
,,,13,"ii)	Capture the network packets between Standalone Controller and station using wireshark and verify if it implements checksums/crcs/sequence numbers.",,,,
,,,14,"iii)	Capture the network packets between Standalone Controller and station using wireshark, Network packets should show these messages as ESP packets.",,,,
,,,15,"iv)	Verify that there is no information available like username, password etc.",,,,
1626,Test Case,5.10.5.1 Test : Network segmentation,,,,,,
,,,1,"To verify that the controller supports network segmentation by the way of configurable IPv4 addresses, network routes, default gateways",,,,
,,,2,,,,,
,,,3,,,,,
,,,4,Systems > Networks >UNIT>SAC controller>Configuration> Controller Networking,,,,
,,,5,,,,,
,,,6,,,,,
1627,Test Case,5.10.6.1 Test : To verify Audit log accessibility. Audit logs are accessible by the standard Ovation Audit Viewer and Ovation Error Log Viewer.,,,,,,
,,,1,Note:- The Error Log Viewer will only record log information while PC hosting the log viewer is running the error log server that is started at boot time.  The controller will not buffer log message that are sent to the Error Log.,,,,
,,,2,The controller will also use the “printErrorBuffer” advanced command for field/remote advanced troubleshooting of standalone controllers.  This buffer is the same that is available in the standard Ovation controller.,,,,
,,,3,,,,,
,,,4,,,,,
,,,5,,,,,
1628,Test Case,5.10.7.1 Test : To verify the Denial of service protection. The controller will use standard practices for Denial-of-Service protection.  This includes limiting the impact of the login process such that an attacker cannot prevent a valid user from logging in.,,,,,,
,,,1,,,,,
1629,Test Case,5.10.7.2 Test : To verify the Resource management. The controller uses a priority-based operating system that prioritize the essential controller functions so that any ancillary security function cannot adversely impact the essential control functions.,,,,,,
,,,1,"Note:- The controller does not support network scans or anti-virus checks.  The only function that is applicable is patching, which is done through the download/reboot process which does not affect the control functions.  This is the same as in a Standard Ovation System.",,,,
,,,2,,,,,
1630,Test Case,5.10.7.3 Test : To verify the Control system backup. The standalone controller will be able to have backups by saving the database from the controller to an offline location using the standalone tools.,,,,,,
,,,1,,,,,
,,,2,,,,,
,,,3,,,,,
,,,4,,,,,
,,,5,,,,,
,,,6,,,,,
,,,7,,,,,
,,,8,,,,,
,,,9,,,,,
1631,Test Case,5.10.7.4 Test : To verify the Control system recovery and reconstitution. The standalone controller will be able to be recovered and reconstituted from the backup database using the standalone tools.,,,,,,
,,,1,,,,,
1632,Test Case,"5.10.7.5 Test : To verify the Network and security configuration settings. The Ovation Controller will not have any explicit security settings.  The network settings are provided by the standard Ovation settings for IP Address, Subnet Mask, Speed/Duplex, Default Gateway, Route, and Shared Address.  These settings are managed from Developer’s Studio in the same way an in a Traditional Ovation system.",,,,,,
,,,1,,,,,
,,,2,,,,,
,,,3,,,,,
,,,4,,,,,
,,,5,,,,,
1633,Test Case,5.10.7.6 Test : To verify the Least functionality. Controller will limit the ports that are not needed. Controller will limit the functions available via the Rest Server.,,,,,,
,,,1,,,,,
,,,2,,,,,
,,,3,Record Software and Equipment Used Information,,,,
,,,4,Ovation Software Level,,,,
,,,5,Database Server,,,,
,,,6,Opcon/Engineering Station,,,,
,,,7,Controller,,,,
,,,8,Test Procedure Section,,,,
,,,9,Document Revision Index and Record of Changes,,,,
,,,10,0 Software Test Identifier,,,,
,,,11,0 Purpose,,,,
,,,12,0 Approach,,,,
,,,13,0 Features,,,,
,,,14,0 Procedure Steps,,,,
,,,15,1  SRF 2347,,,,
,,,16,2  SRF 2347,,,,
,,,17,3  SRF 2347,,,,
,,,18,4  SRF 2347,,,,
,,,19,5  SRF 2347,,,,
,,,20,Tester Name:,,,,